{"cameraMode":{"drawMode":0,"name":"Shaded","section":"Shading Mode"},"sceneLighting":false,"audioPlay":false,"sceneViewState":{"m_AlwaysRefresh":false,"showFog":true,"showSkybox":false,"showFlares":true,"showImageEffects":true,"showParticleSystems":true,"showVisualEffectGraphs":true,"m_FxEnabled":true},"in2DMode":false,"pivot":{"x":7.171504020690918,"y":0.5134260058403015,"z":2.823969841003418},"rotation":{"x":-0.0010909977136179805,"y":-0.9970037937164307,"z":0.01376724150031805,"w":-0.07644294202327728},"size":0.620968222618103,"orthographic":false}